,Ethnicity,Pearson Correlation,Kendall Correlation,Spearman Correlation
0,White Cases Per 100K,-0.15702442798617458,0.13506094959704307,0.20065164350439693
1,Black or African American Cases Per 100K,-0.22819765003572434,-0.014134285422946367,-0.016653090845651346
2,Asian Cases Per 100K,-0.20882448650569832,-0.022143903016786294,-0.003986955002201003
3,American Indian and Alaska Native Cases Per 100K,-0.1558504770664817,-0.10200191135444893,-0.13664926029035343
4,Native Hawaiian and Other Pacific Islander Cases Per 100K,-0.08043524063708643,-0.040583972495671396,-0.05419554071661625
5,Hispanic or Latino Cases Per 100K,-0.030796812619703153,0.19763932698937361,0.2706202178605765
